id,name,slug
22,"Stress, anxiety, or depression",stress-anxiety-depression
24,Preparing for labor and delivery,prep-labor-delivery
27,General questions about pregnancy,preg-general-questions
32,Pregnancy options counseling,pregnancy-options-counseling
38,"Breastfeeding, pumping, and formula feeding",breastfeeding-pump-formula
41,Your baby's sleep,baby-sleep
43,"Your baby's cold, flu, and other illnesses",baby-cold-flu
44,Emotional support,emotional-support
45,Nutrition,fert-nutrition
67,Nutrition and weight management,men-nutrition
68,Treatment options and steps,treatment-options-steps
71,Having trouble with conceiving,trouble-conceiving
74,Explore a second opinion,preg-second-opinion
78,Coping with loss and miscarriage,coping-with-loss
79,Starting your conception journey,starting-conception
80,Tracking ovulation and your menstrual cycle,tracking-cycle
94,General health advice,general-health-advice
96,Your child's sleep,child-sleep
98,"Your child's cold, flu, and other illnesses",child-cold-flu-illness
105,Nutrition,nutrition
106,Adoption process and options,adoption-process-options
107,Preparing for adoption,preparing-for-adoption
108,Egg freezing process and options,ef-process-options
109,Preparing for egg freezing,preparing-for-ef
110,Managing symptoms,men-managing-symptoms
111,Medication options for menopause,men-med-options
112,Miscarriage treatment and recovery,miscarriage-treatment-recovery
113,Conception after loss,conception-after-loss
114,Abortion care and recovery,abortion-care-recovery
115,Surrogacy process and options,surrogacy-process-options
116,Preparing for surrogacy,preparing-for-surrogacy